{
  "Description": "This preset file was created with the Austrian Audio PolarDesigner plugin v3.0.0, for more information see www.austrian.audio .",
  "nrActiveBands": 5,
  "zeroLatencyMode": 0.0,
  "trimPosition": 0.0,
  "xOverF1": 120,
  "xOverF2": 500,
  "xOverF3": 2200,
  "xOverF4": 7000,
  "dirFactor1": -1.117587089538574e-8,
  "dirFactor2": -1.117587089538574e-8,
  "dirFactor3": -1.117587089538574e-8,
  "dirFactor4": -1.117587089538574e-8,
  "dirFactor5": -1.117587089538574e-8,
  "gain1": -24.0,
  "gain2": -24.0,
  "gain3": -24.0,
  "gain4": -24.0,
  "gain5": -24.0,
  "solo1": 0.0,
  "solo2": 0.0,
  "solo3": 0.0,
  "solo4": 0.0,
  "solo5": 0.0,
  "mute1": 0.0,
  "mute2": 0.0,
  "mute3": 0.0,
  "mute4": 0.0,
  "mute5": 0.0,
  "ffDfEq": 2,
  "proximity": 0.4810000658035278,
  "proximityOnOff": 1.0
}